Cant Help Falling In Love,Elvis Presley,D Major,100
Perfect,Ed Sheeran,A♭ Major,95
Hallelujah (ver 2),Jeff Buckley,C Major,101
Another Love,Tom Odell,E Minor,123
Hotel California,Eagles,D Major,147
Creep,Radiohead,G Major,92
Yellow (ver 2),Coldplay,B Major,170
Riptide (ver 2),Vance Joy,C# Major,96
Last Christmas,Wham!,D Major,108
All I Want For Christmas Is You (ver 3),Mariah Carey,G Major,75
Wonderwall (ver 2),Oasis,A Major,174
Something In The Orange,Zach Bryan,E Minor,175
Take Me Home Country Roads (ver 5),John Denver,C Major,91
Let Her Go,Passenger,G Major,75
House Of The Rising Sun,The Animals,A Minor,117
Somewhere Only We Know,Keane,A Major,172
Until I Found You (ver 2),Stephen Sanchez,B♭ Major,101
When I Was Your Man,Bruno Mars,C Major,73
A Star Is Born - Shallow (ver 2),Misc Soundtrack,G Major,100
Tv,Lady Gaga,G Minor,116
Fly Me To The Moon (ver 2),Bradley Cooper,A Minor,119
Where Is My Mind,Billie Eilish,E Minor,100
Anti-Hero,Frank Sinatra,F Major,110
Viva La Vida,Pixies,A Minor,150
Wish You Were Here,Taylor Swift,G Major,118
Crazy (ver 2),Coldplay,E♭ Major,79
Dont Look Back In Anger,Pink Floyd,D Major,83
Zombie,Gnarls Barkley,E Minor,92
Iris (ver 4),Oasis,E Minor,139
Take Me Home Country Roads,The Cranberries,A Major,82
Glimpse Of Us,Goo Goo Dolls,E Major,140
Someone Like You,John Denver,E Major,111
Yesterday,Adele,C# Major,167
All Of Me,Creedence Clearwater Revival,C Major,133
Just The Two Of Us,The Beatles,B♭ Major,120
Jingle Bell Rock (ver 3),John Legend,D Major,120
Thinking Out Loud,Grover Washington Jr.,B♭ Minor,96
Jolene (ver 2),Bill Withers,B Major,110
Sweater Weather Acoustic,Bobby Helms,E♭ Minor,75
Jingle Bells,Ed Sheeran,C Major,114
Boulevard Of Broken Dreams (ver 3),Dolly Parton,A♭ Major,171
Hurt,The Neighbourhood,D Minor,83
Someone You Loved,Misc Christmas,C# Major,105
Imagine,Green Day,G Major,89
Let It Be (ver 2),Johnny Cash,B♭ Minor,88
Have Yourself A Merry Little Christmas,Lewis Capaldi,A Major,69
Youre On Your Own Kid,John Lennon,D Major,120
Photograph,Judy Garland,E Minor,85
Make You Feel My Love,Adele,B♭ Major,65
Happier Than Ever,Billie Eilish,C Major,81
Im Yours (ver 11),Jason Mraz,B Major,75
Wicked Game,Chris Isaak,A Major,112
Your Song,Elton John,E♭ Major,128
Smells Like Teen Spirit,Nirvana,C# Major,117
Silent Night (ver 4),Misc Christmas,E Major,126
Love Yourself,Justin Bieber,E Major,100
As It Was,Harry Styles,F# Minor,174
All Of Me (ver 3),John Legend,G Major,141
Sweet Child O Mine,Guns N' Roses,F# Major,125
Heather,Conan Gray,F Major,102
Wouldve Couldve Shouldve,Taylor Swift,G Major,158
Stand By Me (ver 7),Ben E. King,D Major,119
Space Oddity,David Bowie,C Major,134
Knockin On Heavens Door (ver 2),Bob Dylan,G Major,128
A Star Is Born - Always Remember Us This Way,Misc Soundtrack,C Major,130
The Sound Of Silence (ver 2),Lady Gaga,A Major,91
Hey Jude (ver 7),Simon & Garfunkel,A Major,81
Snowman (ver 3),The Beatles,F# Major,94
Feliz Navidad,Sia,C# Major,84
Golden Hour,Misc Christmas,F Major,121
Aint No Sunshine,JVKE,E Minor,144
Good Riddance Time Of Your Life,Bill Withers,G Major,95
Midnight Rain,Green Day,C# Minor,139
Hallelujah,Taylor Swift,D Major,120
Take Me To Church Acoustic,Leonard Cohen,E Minor,129
Atlantis,Hozier,C# Minor,73
Tennessee Whiskey,Seafret,A Major,49
I See Fire (ver 3),Chris Stapleton,F Minor,154
No Surprises,Ed Sheeran,F Major,76
When We Were Young,Radiohead,E♭ Major,144
Rolling In The Deep (ver 4),Adele,C Minor,105
Fix You (ver 16),Adele,E♭ Major,140
All I Want,Coldplay,G Major,129
White Christmas,Kodaline,C Major,151
O Holy Night (ver 8),Bing Crosby,A♭ Major,86
California Dreamin (ver 3),Misc Christmas,C# Major,80
Cigarette Daydreams,The Mamas & The Papas,D Major,114
Happy Xmas War Is Over,Cage the Elephant,E♭ Major,172
Im Not The Only One,John Lennon,C Major,76
Hey There Delilah (ver 2),Sam Smith,D Major,104
Hallelujah,Plain White T's,C# Major,80
Those Eyes,Jeff Buckley,E Major,120
Back To Black,New West,E Minor,94
Bohemian Rhapsody (ver 5),Amy Winehouse,F Minor,97
Lovely,Queen,C# Major,162
American Pie,Billie Eilish,E Minor,140
Stay,Khalid,F Minor,125
Losing My Religion (ver 2),Don McLean,A Minor,126
Wagon Wheel,Darius Rucker,A Major,148
Say You Wont Let Go (ver 4),James Arthur,B♭ Major,85
Landslide,Fleetwood Mac,G Minor,159
Stick Season,Noah Kahan,A Major,118
Love Story,Taylor Swift,D Major,119
Die For You,Joji,A♭ Major,148
I Will Follow You Into The Dark (ver 3),Death Cab for Cutie,F Major,80
Over The Rainbow (ver 3),Israel Kamakawiwoʻole,G Major,85
505,Arctic Monkeys,C Major,140
Talking To The Moon,Bruno Mars,C# Minor,146
Its Beginning To Look A Lot Like Christmas (ver 3),Michael Bublé,E Major,95
Sparks (ver 2),Coldplay,C# Major,103
Best Part,Daniel Caesar,G Major,75
Let It Be,H.E.R.,A♭ Major,90
While My Guitar Gently Weeps,The Beatles,E Minor,113
Here With Me,The Beatles,B♭ Major,127
Nothing Else Matters,d4vd,E Minor,142
Father And Son,Metallica,G Major,103
Easy On Me,Cat Stevens,F Major,142
Fade Into You (ver 3),Adele,D Major,160
Karma Police (ver 2),Mazzy Star,G Major,145
All Too Well,Radiohead,C Major,93
Something (ver 2),Taylor Swift,C Major,134
Let It Snow,The Beatles,B♭ Major,141
A Thousand Years,Dean Martin,B Major,100
Cardigan,Christina Perri,C Major,76
The A Team (ver 5),Taylor Swift,A Major,85
Heart Of Gold,Ed Sheeran,E Minor,91
The Night We Met,Neil Young,D Major,174
Frozen - Let It Go,Lord Huron,A♭ Major,137
You Belong With Me (ver 2),Phoebe Bridgers,G Major,120
How Deep Is Your Love (ver 4),Misc Cartoons,F Minor,99
What A Wonderful World (ver 9),Taylor Swift,B Major,129
Maroon,ABBA,B Minor,128
Vienna,Extreme,B Minor,135
I Wanna Be Yours,Taylor Swift,C Minor,68
Valerie (ver 7),Arctic Monkeys,E Major,106
Killing Me Softly,Backstreet Boys,E Minor,92
Rockin Around The Christmas Tree,Amy Winehouse,A♭ Major,67
The Scientist,Fugees,F Major,146
We Wish You A Merry Christmas,Brenda Lee,F Major,156
Dandelions (ver 2),Coldplay,A♭ Minor,102
Jersey Giant Acoustic,Ruth B.,G Major,123
Drivers License,Olivia Rodrigo,B♭ Major,144
Three Little Birds,Bob Marley,A Major,74
Ring Of Fire,Johnny Cash,G Major,104
Bad Moon Rising,Creedence Clearwater Revival,D Major,89
Love Of My Life,Queen,F Major,79
Chasing Cars,Snow Patrol,A Major,104
Californication,Red Hot Chili Peppers,A Minor,96
Wake Me Up (ver 2),Avicii,D Major,124
Rudolph The Red-Nosed Reindeer (ver 2),Misc Christmas,C Major,164
Dont Think Twice Its All Right (ver 2),Bob Dylan,E Major,111
There Is A Light That Never Goes Out,The Smiths,E Major,136
Blowin In The Wind,Bob Dylan,D Major,175
Mary On A Cross (ver 2),Ghost,B Major,130
Somebody That I Used To Know (ver 2),Gotye,C Minor,129
Mr Brightside,The Killers,C# Major,148
Fast Car (ver 3),Tracy Chapman,A Major,102
Layla Acoustic Live (ver 3),Eric Clapton,D Minor,94
Forget Me,Lewis Capaldi,C# Minor,102
Piano Man (ver 5),Billy Joel,C Major,159
Brown Eyed Girl (ver 4),Van Morrison,G Major,146
Slipping Through My Fingers,ABBA,F Major,137
Counting Stars,OneRepublic,F Major,137
Redemption Song (ver 2),Bob Marley,G Major,108
Winter Wonderland (ver 2),Dean Martin,G Major,117
In The Stars,Benson Boone,B♭ Major,78
Do I Wanna Know Acoustic,Arctic Monkeys,C Major,84
Dancing On My Own (ver 2),Calum Scott,C# Major,113
Radioactive,Imagine Dragons,A Major,136
Take It Easy (ver 2),Eagles,G Major,139
Wonderful Tonight (ver 3),Eric Clapton,G Major,93
Coco - Remember Me Lullaby (ver 3),Misc Cartoons,C Major,93
Snap,Robert Lopez,C# Major,144
Tears In Heaven,Kristen Anderson-Lopez,B♭ Minor,126
A Horse With No Name,Rosa Linn,B Minor,100
Happy Birthday (ver 2),Eric Clapton,G Major,137
Here Comes The Sun (ver 8),America,A Major,64
Sweet Home Alabama,Misc Traditional,G Major,98
Unholy,The Beatles,G Major,149
Goodness Of God,Lynyrd Skynyrd,A Major,145
Folsom Prison Blues (ver 4),Sam Smith,C Major,111
Rocket Man,Kim Petras,E Minor,75
July,Bethel Music,C# Major,164
Dreams,Johnny Cash,A Major,174
When The Partys Over,Noah Cyrus,C# Major,156
In My Life (ver 5),Fleetwood Mac,A♭ Major,87
Every Breath You Take (ver 8),Alicia Keys,C# Major,117
Night Changes,Billie Eilish,E Minor,100
Joy To The World,The Beatles,E Major,144
Yellow,Coldplay,B Major,173
Just The Way You Are,Bruno Mars,F Major,109
Stand By Me,Ben E. King,A Major,118
Dust In The Wind (ver 2),Kansas,A Minor,176
Santa Claus Is Coming To Town,Misc Christmas,G Major,82
Before You Go,Lewis Capaldi,E♭ Major,112
Dream On (ver 2),Aerosmith,F Minor,150
You Are The Reason (ver 3),Calum Scott,B♭ Major,172
Leaving On A Jet Plane,John Denver,G Major,121
Stay With Me,Sam Smith,C Major,84
Africa,Toto,A Major,93
The Only Exception,Paramore,E Major,138
Like A Stone Acoustic,Chris Cornell,A Minor,85
Wellerman,The Longest Johns,E♭ Major,95
Made You Look,Meghan Trainor,B♭ Major,145
Sweet Nothing,Taylor Swift,C Major,88
The Scientist (ver 2),Coldplay,F Major,73
Feathered Indians,Tyler Childers,G Major,87
Tennessee Whiskey (ver 3),Chris Stapleton,A Major,49
Free Fallin,Tom Petty,F Major,84
A Star Is Born - Shallow,Misc Soundtrack,G Major,100
Careless Whisper (ver 4),Lady Gaga,B Minor,159
Comfortably Numb,Bradley Cooper,F# Major,115
Dont Stop Me Now (ver 3),George Michael,F Major,155
Patience,Pink Floyd,A Major,120
Burn Burn Burn,Queen,D Major,125
Where Did You Sleep Last Night Acoustic,Guns N' Roses,A♭ Major,120
Traitor,Zach Bryan,E Minor,119
Romantic Homicide,Nirvana,G Major,136
Believer (ver 2),Olivia Rodrigo,E♭ Major,87
Hey Jude,d4vd,F Major,134
Dont Stop Believin (ver 13),Imagine Dragons,A♭ Major,148
Im Still Standing,The Beatles,F# Major,88
November Rain (ver 2),Journey,B Major,78
Yesterday (ver 4),Elton John,C Minor,76
Wonderwall (ver 3),Guns N' Roses,E Major,100
Reckless Love (ver 2),The Beatles,F# Major,111
Blue Christmas (ver 3),Oasis,F Major,150
Take On Me,Cory Asbury,A♭ Major,140
Ocean Eyes,Elvis Presley,E Minor,145
How Do I Say Goodbye Live,a-ha,A♭ Major,82
Snow On The Beach,Billie Eilish,A Major,110
Amazing Grace (ver 2),Dean Lewis,G Major,112
Glimpse Of Us (ver 4),Taylor Swift,A♭ Major,170
Seven Nation Army,Lana Del Rey,C# Minor,112
Wonderwall,Misc Praise Songs,A♭ Major,139
Wild World,John Newton,C Major,153
Watermelon Sugar,Joji,A♭ Major,85
The Great War,The White Stripes,F Major,96
Skinny Love (ver 4),Oasis,G Major,125
The Man Who Sold The World (ver 2),Nirvana,C# Minor,115
Mad World,Gary Jules,E♭ Major,174
Hey Soul Sister (ver 2),Train,E Major,97
Sweet Caroline,Neil Diamond,B Major,63
Sign Of The Times,Harry Styles,F Major,120
Mistletoe (ver 5),Justin Bieber,A Major,81
Clocks,Coldplay,F Minor,131
Goodbye Yellow Brick Road,Elton John,F Major,121
Toy Story - Youve Got A Friend In Me,Misc Cartoons,C Minor,116
How To Save A Life,Randy Newman,B♭ Major,122
The Scientist (ver 4),The Fray,F# Major,74
Starman (ver 2),Coldplay,C# Major,103
Sultans Of Swing (ver 2),David Bowie,D Minor,154
Drops Of Jupiter,Dire Straits,C Major,79
The Boxer,Adele,B Major,93
Summertime Sadness,Simon & Garfunkel,C# Minor,112
Blackbird (ver 2),Lana Del Rey,A Major,93
With Or Without You,The Beatles,D Major,107
Teenage Dirtbag,U2,E Major,95
Golden Hour (ver 3),Kate Bush,F Minor,128
The Christmas Song (ver 3),JVKE,B♭ Major,60
Lady May,Otis Redding,D Major,104
Across The Universe,Tyler Childers,B Major,78
Cover Me Up,The Beatles,E Major,139
Circles,Morgan Wallen,C Major,102
Beggin,Post Malone,D Minor,160
Otherside,Måneskin,G Minor,124
This Town,Red Hot Chili Peppers,G Minor,110
The Greatest Showman - A Million Dreams (ver 2),Niall Horan,G Major,55
My Sweet Lord,Misc Soundtrack,C# Minor,121
Everybody Wants To Rule The World Acoustic,George Harrison,G Major,112
Crazy Little Thing Called Love,The Beatles,C Major,77
Hit The Road Jack,Queen,A♭ Minor,173
10000 Reasons Bless The Lord,Ray Charles,G Major,145
Funeral,Matt Redman,G Major,145
Count On Me (ver 3),Phoebe Bridgers,A♭ Major,116
Set Fire To The Rain (ver 2),Bruno Mars,D Minor,128
Hey There Delilah (ver 3),Adele,D Major,104
Take On Me Acoustic,Plain White T's,A Major,130
Mastermind,Bo Burnham,A♭ Minor,96
Castle On The Hill,Taylor Swift,A Minor,135
Grenade,Ed Sheeran,D Minor,98
Exit Music For A Film (ver 2),Bruno Mars,E Minor,123
Fairytale Of New York (ver 2),Radiohead,D Major,101
Accidentally In Love,Pogues,G Major,138
You Are My Sunshine,Johnny Cash,A Major,90
Santa Tell Me,Ariana Grande,G Major,96
The 30Th,Billie Eilish,G Major,83
Suspicious Minds,Elvis Presley,G Major,117
All I Ask,Adele,E Major,142
A Sky Full Of Stars (ver 2),Coldplay,F# Major,75
Peaceful Easy Feeling,Eagles,E Major,143
Stitches,Shawn Mendes,C# Major,150
Numb,Linkin Park,A Major,110
I Dont Want To Miss A Thing,Aerosmith,D Major,121
Moon River (ver 6),Audrey Hepburn,F Major,76
No Se Va,Grupo Frontera,C Major,173
Complicated,Avril Lavigne,F Major,78
Can You Feel The Love Tonight (ver 2),Elton John,B♭ Major,126
Skyfall (ver 4),Adele,C Minor,75
Cant Take My Eyes Off You,Joseph Vincent,C# Major,88
All My Loving,The Beatles,C# Minor,78
Creep (ver 2),Radiohead,G Major,82
Karma (ver 2),Taylor Swift,A♭ Major,90
Stairway To Heaven (ver 5),Led Zeppelin,G Major,80
Wonderwall (ver 5),Oasis,D Major,90
Torn,Natalie Imbruglia,F Major,96
Summer Of 69,Bryan Adams,D Major,139
Proud Mary,Creedence Clearwater Revival,D Major,121
Bridge Over Troubled Water (ver 2),Simon & Garfunkel,E♭ Major,84
Ceilings (ver 2),Lizzy McAlpine,A Major,148
Run Away To Mars,TALK,A Major,119
I Love You,Billie Eilish,C Major,137
Save Your Tears,The Weeknd,C Major,118
The Perfect Pair,beabadoobee,B Major,146
About You,The 1975,D Major,96
Black Panther Wakanda Forever - Lift Me Up,Misc Soundtrack,A Major,89
Lemon Tree (ver 2),Rihanna,C# Major,95
Bohemian Rhapsody,U2,F Major,83
Merry Christmas Everyone,Steve Lacy,A Minor,151
Half The World Away (ver 2),Shakin' Stevens,A♭ Major,65
Friday Im In Love,Oasis,C# Major,148
Island In The Sun,The Cure,B♭ Major,136
August,Weezer,A♭ Major,92
Thank You (ver 2),Taylor Swift,C# Major,96
Apocalypse,Dido,A Minor,83
Afterglow (ver 2),Cigarettes After Sex,E♭ Major,94
Favorite Crime,Ed Sheeran,E Major,103
Home (ver 2),Olivia Rodrigo,D Major,146
Snuff,Edward Sharpe and the Magnetic Zeros,F# Minor,124
I Walk The Line (ver 3),Slipknot,B♭ Major,106
This Is The Life (ver 3),Johnny Cash,C# Minor,94
Video Games,Lana Del Rey,F# Minor,73
Norwegian Wood (ver 3),The Beatles,D Major,108
Highway To Hell,AC/DC,F# Minor,116
Riptide,Vance Joy,C# Major,102
Stay Live,Post Malone,F Major,86
Rises The Moon,liana flores,F Minor,137
Beautiful Crazy,Luke Combs,B Major,103
Kiss Me (ver 2),Sixpence None the Richer,E♭ Major,93
The Times They Are A-Changin,Bob Dylan,G Major,172
Demons,Imagine Dragons,E♭ Major,90
Blinding Lights,The Weeknd,C# Major,171
Wake Me Up When September Ends (ver 4),Green Day,G Major,105
Basket Case (ver 4),Green Day,E♭ Major,88
Frosty The Snowman (ver 2),Misc Christmas,C Major,89
Shape Of You (ver 2),Ed Sheeran,C# Minor,96
Dont Cry,Guns N' Roses,B Major,125
She Used To Be Mine,Sara Bareilles,F Major,136
If I Can Dream,Elvis Presley,G Major,94
Wind Of Change (ver 2),Scorpions,C Major,75
Wild Horses,The Rolling Stones,G Major,140
Heading South,Zach Bryan,E Major,110
Champagne Problems,Taylor Swift,C Major,171
Say Something (ver 3),A Great Big World,D Major,47
Yellow Submarine,Christina Aguilera,G Major,110
Lean On Me,The Beatles,C Major,75
Both Sides Now,Bill Withers,E Minor,78
7 Years (ver 2),Joni Mitchell,D Major,142
Come As You Are,Lukas Graham,A Major,82
Harvest Moon,Nirvana,E Major,158
La La Land - City Of Stars (ver 3),Neil Young,F# Minor,98
Mr Tambourine Man (ver 3),Coldplay,D Major,120
Heaven,Bob Dylan,G Major,140
The Twilight Saga New Moon - Rosyln (ver 2),Bryan Adams,B♭ Minor,160
Jealous (ver 3),Misc Soundtrack,A Minor,93
Under The Bridge,Bon Iver,A Major,170
Ill Be Home For Christmas,St. Vincent,A♭ Major,113
Bigger Than The Whole Sky,Labrinth,B Major,145
Supermarket Flowers,Red Hot Chili Peppers,F# Major,90
Be Alright,Bing Crosby,E♭ Major,104
Bad Habit (ver 2),Taylor Swift,B Minor,126
Away In A Manger,Ed Sheeran,E Major,123
Dancing In The Dark (ver 5),Dean Lewis,G Major,139
Isnt She Lovely (ver 3),Steve Lacy,A♭ Major,116
Havana,Misc Christmas,A Minor,123
Ceilings,Bruce Springsteen,E Major,128
I Wont Back Down,Stevie Wonder,E♭ Major,113
Let It Go (ver 2),Camila Cabello,G Major,140
Ghost,Young Thug,A♭ Major,158
Ho Hey,Lizzy McAlpine,B Major,170
Little Drummer Boy (ver 3),Misc Christmas,D Major,104
Fake Plastic Trees,Radiohead,D Major,74
Toxic (ver 3),Britney Spears,A♭ Major,143
No Time To Die,Billie Eilish,E Minor,74
Shake The Frost,Tyler Childers,D Major,139
Paint It Black,The Rolling Stones,C# Major,159
First Day Of My Life,Bright Eyes,C# Minor,95
Too Good At Goodbyes,Sam Smith,F Major,92
Unchained Melody,Elvis Presley,C Major,79
Please Come Home For Christmas,Eagles,A Major,92
Desperado (ver 5),Eagles,G Major,140
Jar Of Hearts,Christina Perri,E♭ Major,75
The River,Bruce Springsteen,G Major,117
Tangled - I See The Light,Misc Cartoons,F Major,87
Hark The Herald Angels Sing (ver 3),Mandy Moore,E Major,117
The Greatest Showman - Never Enough (ver 2),Misc Christmas,A♭ Major,87
O Come All Ye Faithful,Misc Soundtrack,G Major,111
Fake Plastic Trees (ver 3),Loren Allred,C Major,150
Youre Still The One,Misc Christmas,C# Major,134
About A Girl Acoustic,Radiohead,E♭ Minor,121
Cleopatra Acoustic,Shania Twain,B♭ Major,125
Hello,Nirvana,G Major,52
Here There And Everywhere,The Lumineers,F Major,76
Hotel California (ver 4),Adele,D Major,75
I Love You So,The Beatles,G Major,103
Between The Bars,Eagles,G Minor,135
Enchanted,The Walters,D Minor,115
The First Noel (ver 4),Elliott Smith,E♭ Major,91
Free Bird (ver 3),Taylor Swift,F# Major,131
La Vie En Rose (ver 2),Misc Christmas,F Major,150
Come Together,Lynyrd Skynyrd,C Major,118
Life On Mars (ver 8),Louis Armstrong,B♭ Major,123
Halo (ver 2),The Beatles,B Minor,94
Under The Influence,David Bowie,F Major,100
21 Guns,Beyoncé,F Major,160
Bejeweled,Chris Brown,F Minor,128
Wheres My Love,Green Day,E♭ Major,104
A Day In The Life (ver 3),Taylor Swift,E Minor,79
My Way,SYML,F# Minor,150
And I Love Her (ver 2),The Beatles,C# Minor,118
Time,Frank Sinatra,A Major,88
Simple Man (ver 3),The Beatles,A Major,79
Betty,Pink Floyd,E Major,71
Slow Dancing In A Burning Room (ver 3),Lynyrd Skynyrd,C# Minor,134
Home,Taylor Swift,F Major,125
Angels (ver 7),John Mayer,E Major,75
Banana Pancakes,Edward Sharpe and the Magnetic Zeros,D Major,112
Nothing Compares 2 U,Robbie Williams,E Major,150
God Rest Ye Merry Gentlemen,Jack Johnson,C# Minor,136
Grease - Hopelessly Devoted To You,Chris Cornell,B Minor,111
My Way (ver 4),Frank Sinatra,C Major,90
Mardy Bum,Arctic Monkeys,D Major,112
All The Small Things,Blink-182,C Major,149
The Gambler (ver 2),Kenny Rogers,E♭ Major,90
Somebody To Love,Queen,A♭ Major,112
Dont Dream Its Over,Crowded House,A♭ Major,82
Youre Beautiful,James Blunt,C Minor,82
Mr Jones,Counting Crows,C Major,142
O Come To The Altar,Elevation Worship,B Major,140
Brazil,Declan McKenna,E Major,121
Take Me To Church,Hozier,E Minor,129
Gravity,John Mayer,G Major,124
Dont Speak (ver 3),No Doubt,F Minor,77
I Want To Hold Your Hand (ver 3),The Beatles,G Major,131
Nutshell,Alice in Chains,E♭ Minor,136
Runaway,AURORA,B Major,115
Fire And Rain (ver 4),James Taylor,F Major,110
Candy,Paolo Nutini,G Major,125
Little Talks,Of Monsters and Men,C# Major,103
Let You Break My Heart Again,Laufey,D Major,77
Wildest Dreams,Taylor Swift,A♭ Major,140
Chandelier (ver 3),Sia,C# Major,174
She Will Be Loved (ver 3),Maroon 5,C Minor,102
Scott Street,Phoebe Bridgers,B♭ Major,135
O Come O Come Emmanuel,Misc Christmas,C Major,172
Arcade,Duncan Laurence,A Minor,72
The Weight,The Beatles,C Major,84
Driving Home For Christmas,The Band,C# Major,94
Twinkle Twinkle Little Star,Chris Rea,E Major,130
Linger Acoustic,Misc Children,E♭ Major,73
Pumped Up Kicks Acoustic,The Cranberries,E Major,128
Million Reasons,Foster the People,C Major,130
Get Lucky (ver 2),Lady Gaga,G Minor,140
My Heart Will Go On (ver 5),Michael Bublé,C# Minor,106
Dream A Little Dream Of Me (ver 5),Celine Dion,E♭ Major,163
Make Room Live,The Mamas & The Papas,F Major,122
Matilda,Community Music,F Major,140
Autumn Leaves,Harry Styles,B♭ Minor,105
Cyberpunk 2077 - I Really Want To Stay At Your House,Eric Clapton,E♭ Minor,125
The Man Who Sold The World,Misc Computer Games,C# Minor,115
Back In Black,Nirvana,D Minor,139
I Will Survive (ver 2),AC/DC,E Minor,96
Lithium (ver 2),Gloria Gaynor,G Major,121
Lyin Eyes,Nirvana,G Major,133
Say It Aint So,Eagles,E♭ Major,152
See You Again,Wiz Khalifa,B♭ Major,80
Oceans Where Feet May Fail (ver 5),Charlie Puth,D Major,132
Dancing In The Moonlight (ver 2),Hillsong United,B♭ Major,119
No Woman No Cry,Pink Floyd,E Minor,112
Merry Xmas Everybody (ver 4),Bob Marley,E Major,126
Falling,Slade,C# Major,100
Mary,The Kid LAROI,E Major,120
Oh Pretty Woman,Alex G ((Sandy) Alex G),D Major,170
Baby One More Time,Roy Orbison,A Major,115
Heroes (ver 3),Britney Spears,F Minor,135
Youve Got A Friend,David Bowie,C Minor,116
Mamma Mia,James Taylor,E Major,75
Last Christmas (ver 4),ABBA,D Major,90
Holly Jolly Christmas,Wham!,C Major,140
How Far Ill Go (ver 2),Misc Christmas,B Major,81
Let Me Down Slowly (ver 2),Alessia Cara,C# Minor,150
Im Yours,Alec Benjamin,D Major,84
Live Forever (ver 2),Jason Mraz,C Major,90
Boys Dont Cry (ver 2),Oasis,F# Major,121
Big Jet Plane,The Cure,B♭ Minor,110
Little Lion Man,Angus & Julia Stone,F Major,139
Sweet Dreams Are Made Of This (ver 3),Mumford & Sons,B Major,147
Bad Habits,Eurythmics,C# Major,169
Happier,Ed Sheeran,C Major,90
Vienna (ver 3),Ed Sheeran,B♭ Major,125
Skinny Love (ver 2),System Of A Down,E Major,167
Always On My Mind,Bon Iver,D Major,131
The Chain (ver 2),Willie Nelson,G Major,79
Mrs Robinson,Fleetwood Mac,F# Minor,92
Everybody Hurts,Simon & Garfunkel,D Major,90
White Rabbit,R.E.M.,D Major,103
Je Te Laisserai Des Mots,Jefferson Airplane,D Major,108
Lover,Patrick Watson,F Major,102
Remember,Taylor Swift,F# Major,130
Bruises (ver 2),Becky Hill,G Minor,137
Just Like Heaven,David Guetta,A♭ Major,130
Livin On A Prayer (ver 2),Lewis Capaldi,D Major,125
Last Kiss,The Cure,F Major,166
Black (ver 2),Bon Jovi,A Major,128
Line Without A Hook,Pearl Jam,A Major,136
Starting Over,Pearl Jam,C Major,92
Lavender Haze,Ricky Montgomery,E♭ Major,118
The Long And Winding Road,Chris Stapleton,E♭ Major,132
K,Taylor Swift,A♭ Major,90
Im On Fire (ver 3),The Beatles,C# Minor,89
Im In Love With You,Cigarettes After Sex,F Major,94
Titanium (ver 2),Bruce Springsteen,A♭ Minor,124
Please Please Please Let Me Get What I Want (ver 2),The Smiths,D Major,92
Eye Of The Tiger (ver 2),Survivor,C Minor,109
In The Aeroplane Over The Sea,Neutral Milk Hotel,G Major,94
Story Of My Life,One Direction,E♭ Major,121
Santeria,Sublime,C# Minor,91
Black Hole Sun (ver 4),Soundgarden,A♭ Major,140
Save Tonight,Eagle-Eye Cherry,C Major,120
Me And Bobby Mcgee,Janis Joplin,D Major,93
Never Gonna Give You Up Live,Foo Fighters,A♭ Major,113
Old Town Road,Rick Astley,F# Major,136
Idontwannabeyouanymore,Lil Nas X,G Major,170
Pompeii (ver 2),Billie Eilish,A Major,128
Brown Eyed Girl,Bastille,G Major,151
Whyd You Only Call Me When Youre High Acoustic (ver 2),Van Morrison,D Major,92
Mockingbird (ver 2),Arctic Monkeys,B♭ Major,148
Bella Ciao (ver 2),Eminem,D Minor,133
Wish You Were Gay Acoustic,Misc Traditional,G Major,118
I Know The End,Billie Eilish,C# Major,112
Photograph (ver 2),Phoebe Bridgers,F# Major,108
Strawberry Fields Forever (ver 4),Ed Sheeran,B♭ Major,91
Snow Hey Oh,The Beatles,B Major,105
River (ver 4),Poison,B♭ Minor,144
Demons (ver 2),Joni Mitchell,C Major,82
Oh Darling,Imagine Dragons,B♭ Minor,124
Tiny Dancer (ver 2),The Beatles,C Major,147
Savior Complex,Josh Groban,E Major,129
Night Moves,Phoebe Bridgers,B Major,171
Nobody Knows You When Youre Down And Out Acoustic Live,Bob Seger & The Silver Bullet Band,F# Minor,93
Body Paint,Eric Clapton,A Major,97
This Is Home,Arctic Monkeys,G Major,130
Only Love Can Hurt Like This,cavetown,A♭ Major,91
Help,Paloma Faith,A Major,128
Johnny B Goode,The Beatles,A Major,152
Mamma Mia - Dancing Queen,Chuck Berry,C Major,78
Angel Baby,Misc Soundtrack,B Major,72
I Wanna Be Yours (ver 2),Troye Sivan,E♭ Minor,78
All Star,Arctic Monkeys,F Major,165
Blank Space,Smash Mouth,B Major,104
Annies Song,Taylor Swift,D Major,146
Stand By Me Acoustic (ver 2),John Denver,B♭ Major,112
Baby Its Cold Outside,Oasis,G Major,127
The Greatest Showman - Rewrite The Stars (ver 2),Misc Christmas,B♭ Major,126
Your Man,Misc Soundtrack,A Major,105
Shes Always A Woman (ver 2),Zendaya,A♭ Major,74
The Little Mermaid - Part Of Your World (ver 2),Josh Turner,F Major,62
The Sound Of Music - Edelweiss,Bob Dylan,A♭ Major,56
Ripple,Grateful Dead,G Major,127
Motion Sickness (ver 2),Phoebe Bridgers,C# Major,107
All Yourn,Tyler Childers,B Major,78
Moon Song,Phoebe Bridgers,C# Major,155
Behind Blue Eyes,Limp Bizkit,G Major,120
The A Team,Ed Sheeran,A Major,85
Jealous Guy,John Lennon,E Minor,131
Harvest Moon Acoustic,Neil Young,D Major,112
Cherry Wine (ver 2),Hozier,C# Major,82
Aladdin - A Whole New World,Misc Cartoons,C Major,121
Turn The Page,Alan Menken,A Major,79
Teenage Dream,Bob Seger & The Silver Bullet Band,C# Major,159
How Great Is Our God,Stephen Dawes,C# Major,156
Married With Children,Chris Tomlin,B♭ Major,90
Dont Let Me Down,Oasis,A♭ Major,123
Old Man (ver 10),The Beatles,G Major,141
Im A Believer,Neil Young,C Major,80
Streets Of London,The Monkees,C Major,80
Times Like These Acoustic,Ralph McTell,E Major,156
All Too Well 10 Minute Version,Foo Fighters,C Major,93
Shinunoga E-Wa,Taylor Swift,F# Minor,158
Question,Fujii Kaze,F# Minor,158
Valerie (ver 3),Taylor Swift,F Minor,97
Young And Beautiful (ver 2),Amy Winehouse,F Minor,96
Waves,Lana Del Rey,B Minor,114
Society,Corinne Bailey Rae,F Minor,143
Love In The Dark,Blink-182,C Major,114
Elastic Heart,Adele,A Major,130
In Christ Alone (ver 2),Sia,F Major,136
Let It Snow (ver 2),Keith Getty,C Major,124
Impossible,Dean Martin,D Minor,128
Breezeblocks (ver 2),James Arthur,F Major,162
Cant You See,alt-J,A♭ Major,113
Everlong Acoustic,The Marshall Tucker Band,G Major,164
Slow Dancing In The Dark (ver 2),Foo Fighters,E♭ Major,89
In Der Weihnachtsbäckerei,Joji,A Major,150
Exile (ver 2),Rolf Zuckowski,F# Major,133
Shivers,Taylor Swift,D Major,132
Valentine,Ed Sheeran,E Minor,87
High And Dry (ver 3),Laufey,G Major,93
Kiss Me,Radiohead,A♭ Major,113
Chasing Pavements (ver 5),Sixpence None the Richer,C Minor,74
Heart Shaped Box,Adele,G Major,160
The Unforgiven,Nirvana,G Major,140
Under The Bridge (ver 3),Metallica,E Minor,129
Aint No Mountain High Enough,Red Hot Chili Peppers,B♭ Major,109
September,Marvin Gaye,G Minor,136
If The World Was Ending,"Earth, Wind & Fire",C# Major,87
High School Musical - All I Want (ver 2),Misc Television,C Minor,78
Fall In Love,Olivia Rodrigo,A Major,136
Back To December,Bailey Zimmerman,D Major,142
Scarborough Fair,Taylor Swift,D Major,129
Galway Girl,Simon & Garfunkel,F# Minor,99
As The World Caves In,Ed Sheeran,E Major,108
Mary Janes Last Dance,Matt Maltese,G Minor,170
Dreams (ver 2),Tom Petty and The Heartbreakers,D Major,155
All I Need To Hear,The Cranberries,E Major,129
Stolen Dance,The 1975,B Major,114
Stolen Dance (ver 3),Milky Chance,B Major,114
Treat You Better (ver 3),Meghan Trainor,A♭ Major,108
The Lazy Song (ver 9),John Legend,B Major,87
Time In A Bottle,Shawn Mendes,F Major,140
Coffee,Bruno Mars,B Major,175
Be My Mistake,Jim Croce,G Major,130
Boys Will Be Bugs,beabadoobee,C# Major,89
Happier Than Ever (ver 2),The 1975,C Major,162
Before He Cheats (ver 2),cavetown,F# Minor,148
Paradise,Billie Eilish,E Minor,145
Go Your Own Way,Carrie Underwood,F Major,135
Graves Into Gardens,Coldplay,B Major,140
Like My Father,Fleetwood Mac,F Major,93
Girl Crush,The Worship Initiative,C# Major,63
Little Things (ver 3),Jax,F# Major,82
Santa Baby,Little Big Town,C Major,96
Wanted Dead Or Alive (ver 2),One Direction,G Major,150
Sex On Fire,Eartha Kitt,F Minor,84
Dont Worry Be Happy (ver 3),Bon Jovi,B Major,69
Bellyache,Kings of Leon,G Major,160
Who You Say I Am,Bobby McFerrin,C# Major,54
Until I Found You,Billie Eilish,B♭ Major,101
Fall In Love Alone,Hillsong Worship,A Major,136
Hama Heenema,Stephen Sanchez,C Major,116
Locked Out Of Heaven,Stacey Ryan,F Major,144
We Are Young (ver 2),Induja,A Minor,148
What Child Is This,Bruno Mars,E♭ Major,79
In My Life,Fun.,E Minor,119
Wholl Stop The Rain,The Beatles,G Major,123
Falling Slowly,Nickelback,B♭ Major,172
For What Its Worth,Creedence Clearwater Revival,C# Major,146
Somewhere Only We Know (ver 8),Glen Hansard,G Major,86
Coco - Un Poco Loco (ver 3),Markéta Irglová,G Major,126
Bones,Buffalo Springfield,D Major,99
Green Eyes,Keane,G Major,149
Umbrella,Imagine Dragons,E♭ Major,90
Mercy,Coldplay,F# Minor,140
Everything I Do I Do It For You,Bryan Adams,C# Major,131
Nothing New,Taylor Swift,C Major,102
Fine Line Live,Harry Styles,D Major,121
The Climb (ver 3),Miley Cyrus,G Major,100
Somebody Else,The 1975,C Major,101
Despacito,Luis Fonsi,D Major,89
Polly (ver 3),Daddy Yankee,E Major,95
Love Me Tender,Nirvana,A Minor,45
Like A Rolling Stone,Elvis Presley,C Major,95
Morning Has Broken,Bob Dylan,G Major,133
Moonage Daydream,Cat Stevens,B Minor,144
Still Loving You (ver 4),David Bowie,G Minor,110
Crazy,Scorpions,B Minor,123
Deck The Halls (ver 3),Gnarls Barkley,C Major,89
Before You,Misc Christmas,B Major,140
Were Going To Be Friends,Benson Boone,D Major,105
Wings,Joy Again,C# Major,105
Freaks,Birdy,C# Major,101
Wherever You Will Go,Surf Curse,B Minor,118
Apologize,The Calling,E Major,168
Big Iron,OneRepublic,C# Minor,116
Tears In Heaven (ver 2),Marty Robbins,A Major,89
Vincent (ver 6),Eric Clapton,E Major,90
Englishman In New York,Supertramp,C Minor,75
Cars Outside,New West,F# Minor,123
Hey Ya,James Arthur,B♭ Major,85
Free Fallin (ver 4),OutKast,C Minor,92
Cornerstone,Tom Petty,F# Major,109
With A Little Help From My Friends (ver 2),Arctic Monkeys,D Major,117
Eight Days A Week (ver 4),The Beatles,B Minor,136
Twist And Shout (ver 2),The Beatles,D Major,69
Behind Blue Eyes,The Beatles,E Minor,127
One Acoustic,The Who,F Major,140
Theres Nothing Holdin Me Back,U2,B Minor,122
Good 4 U,Shawn Mendes,B Major,124
Dhairya,Olivia Rodrigo,E Major,100
Let Her Go (ver 2),Sajjan Raj Vaidya,E Major,93
Cant Stop,Passenger,D Major,100
Give Me Love (ver 5),Red Hot Chili Peppers,D Major,115
You Should Probably Leave,Ed Sheeran,A Major,92
Holiday,Chris Stapleton,B Minor,146
Lay Me Down,Green Day,E Minor,78
Another Brick In The Wall Part 2,Sam Smith,C Major,104
We Are The Champions,Pink Floyd,G Minor,95
1979 (ver 3),Queen,G Major,102
Somethin Stupid (ver 2),The Mamas & The Papas,F Major,99
Enough For You,Olivia Rodrigo,G Major,88
Evergreen,Omar Apollo,A Major,82
Love Me Do,The Beatles,C Major,148
When You Say Nothing At All (ver 2),Ronan Keating,G Major,87
Just The Way You Are,Billy Joel,G Major,139
The Witcher - Toss A Coin To Your Witcher (ver 2),Misc Television,F Minor,103
Kyoto (ver 2),Phoebe Bridgers,B Major,122
At My Worst,Pink Sweat$,C Major,92
I Aint Worried,OneRepublic,C Major,140
Labyrinth,Taylor Swift,C Major,110
Love On The Brain,Rihanna,E Minor,172
Build My Life,Housefires,G Major,140
Fluorescent Adolescent,Arctic Monkeys,F# Minor,112
O Holy Night (ver 3),Misc Christmas,E Major,174
Marry You (ver 3),Bruno Mars,B♭ Major,145
Ironic,Alanis Morissette,B Major,115
Uptown Funk,Mark Ronson,C Major,115
Nights In White Satin,The Moody Blues,E Minor,85
Silent Night,Misc Christmas,C Major,90
Happiness Is A Butterfly,Lana Del Rey,D Major,70
Sand In My Boots (ver 2),Morgan Wallen,E♭ Major,140
So Far Away,Avenged Sevenfold,E Minor,151
Everglow,Coldplay,E Major,146
Stan,Eminem,F# Minor,80
Michelle (ver 6),Dido,G Minor,77
Champagne Supernova,The Beatles,D Major,150
Hey Joe,Oasis,E Minor,139
Just Give Me A Reason,Jimi Hendrix,A Minor,175
Ghost Riders In The Sky (ver 4),P!nk,B♭ Minor,110
What A Wonderful World (ver 2),Johnny Cash,B Major,120
I Wanna Dance With Somebody Who Loves Me,Louis Armstrong,D Major,126
Nothing Breaks Like A Heart,Whitney Houston,G Minor,114
Faded,Mark Ronson,F# Major,90
How Great Thou Art,Miley Cyrus,A♭ Major,140
High And Dry (ver 5),Alan Walker,D Major,97
A Hard Days Night,Charlie Hall,C Major,139
Take It Easy,Radiohead,B Minor,92
Breakeven,The Beatles,B♭ Major,94
Romeo And Juliet (ver 3),Eagles,C# Major,148
Plush Acoustic,The Script,F Minor,133
Down In A Hole Acoustic (ver 2),Dire Straits,F# Major,95
Living Hope,Alice in Chains,F# Major,101
We Fell In Love In October,Mac DeMarco,C# Major,75
Santa Claus Is Coming To Town,Phil Wickham,E Major,71
Halleys Comet,girl in red,C# Minor,151
Sunroof,Bruce Springsteen,B♭ Major,131
Rock And A Hard Place,Billie Eilish,F# Major,100
Oceans Where Feet May Fail,Nicky Youre,D Major,127
The Man Who Cant Be Moved,Dazy,B♭ Major,100
Upside Down,Jack Johnson,F# Minor,102
Better Together (ver 3),Jack Johnson,F Major,110
Girl,The Beatles,F Minor,97
Summertime (ver 2),George Gershwin,B Minor,82
Sweet Home Alabama (ver 2),Lynyrd Skynyrd,G Major,98
Smoke On The Water (ver 2),Deep Purple,C Major,114
Fly Me To The Moon (ver 3),Frank Sinatra,C Major,118
Lola (ver 3),The Kinks,A Major,147
Perfect Day,Lou Reed,B♭ Major,145
Great Balls Of Fire (ver 2),Jerry Lee Lewis,G Minor,160
Here I Am To Worship,Chris Tomlin,E Major,152
Amarillo By Morning Live,George Strait,D Major,121
Still Into You (ver 5),Paramore,F Major,136
Tribute,Tenacious D,A Minor,94
Yellow (ver 3),Coldplay,B Major,173
Sister Golden Hair,America,E Major,135
Hold The Line (ver 2),Toto,F# Minor,144
Your Love (ver 2),The Outfield,C# Minor,130
Runaway Train,Soul Asylum,C Major,117
Pirates Of The Caribbean - Hes A Pirate,Misc Soundtrack,B♭ Major,71
Love Story - You Belong With Me Live,Hans Zimmer,F# Major,130
Promises,Taylor Swift,F# Minor,80
Where I Find God (ver 2),Maverick City Music,B Major,138
Willow,Joe L Barnes,C# Minor,142
Cherry Wine,Naomi Raine,C# Major,82
Brahmāstra Part One - Shiva - Kesariya,Larry Fleet,F Major,69
Count On Me,Taylor Swift,A♭ Major,144
Lego House,grentperez,A Major,90
Feeling Whitney (ver 2),Misc Soundtrack,C Major,80
Hey Brother (ver 4),Bruno Mars,G Minor,125
First Love Late Spring (ver 2),Ed Sheeran,C Major,100
Unstoppable,Post Malone,A Major,174
Closing Time,Avicii,C# Minor,126
The Girl From Ipanema,Mitski,F Major,134
In The End (ver 4),Sia,B Major,82
Tequila Sunrise,Semisonic,B♭ Minor,96
Man In The Mirror,Frank Sinatra,A♭ Major,100
Roxanne (ver 3),Linkin Park,A Major,88
Wheels On The Bus,Eagles,A Major,96
Listen Before I Go,Michael Jackson,B Minor,117
No Body No Crime,The Police,G Minor,79
Encanto - We Dont Talk About Bruno,Raffi,C Minor,103
Flower Shops,Billie Eilish,G Major,128
All For You,Taylor Swift,G Major,134
Complex,HAIM,B♭ Minor,88
Chainsaw Man Opening - Kick Back,Misc Cartoons,C# Major,102
House Of Gold,Lin-Manuel Miranda,C Major,115
3Am (ver 2),Ernest,B♭ Major,115
Against All Odds,Morgan Wallen,C# Major,116
Burning Love,Cian Ducrot,C# Major,156
Get Back (ver 4),The Beatles,G Major,124
I Wont Give Up,Jason Mraz,E Major,133
Fortunate Son (ver 3),Creedence Clearwater Revival,G Major,132
All Along The Watchtower,Jimi Hendrix,A♭ Major,113
Thats Life,Frank Sinatra,E Minor,113
Everything Has Changed,Taylor Swift,F# Major,80
A Whiter Shade Of Pale (ver 2),Etta James,C Major,150
Dance Monkey,Procol Harum,C Major,150
Happier,Tones And I,C# Major,119
Heat Waves,Olivia Rodrigo,B♭ Major,144
Fifth Of May,Glass Animals,A♭ Major,85
Drift Away (ver 3),Taylor Swift,C Major,82
Human,Dobie Gray,B Major,76
Im Gonna Be 500 Miles,Yazoo,E Major,132
Sleigh Ride,The Proclaimers,D Major,92
Fly Me To The Moon,Johnny Mathis,F Major,88
Run Rudolph Run (ver 2),Frank Sinatra,G Minor,152
The Muppet Movie - Rainbow Connection (ver 3),Chuck Berry,A Major,115
Heartbreak Anniversary,Misc Soundtrack,C Major,89
Girl On Fire,Giveon,D Major,82
New Slang,Alicia Keys,C# Major,104
Close To You (ver 3),Mumford & Sons,F Major,83
White House Road (ver 2),Carpenters,E Major,86
Feliz Navidad,Tyler Childers,G Major,74
Idontwannabeyouanymore (ver 3),José Feliciano,G Major,170
This Love (ver 4),Billie Eilish,E Major,144
Cant Take My Eyes Off You,Tracy Chapman,E♭ Minor,120
When I Come Around Acoustic,Frankie Valli,C# Major,98
Sex Drugs Etc,Green Day,E Major,171
Celestial,Misc Cartoons,E♭ Major,80
After Hours,Sebastián Yatra,F Minor,109
Its The Most Wonderful Time Of The Year,Ed Sheeran,G Major,101
Silver Bells,The Velvet Underground,A♭ Minor,145
Best Friend,Andy Williams,G Major,101
Stille Nacht Heilige Nacht,Misc Christmas,F# Major,60
Brooklyn Baby,Rex Orange County,A♭ Major,144
Sparks,Misc Christmas,G Major,123
Feel Good Inc (ver 3),Lana Del Rey,A♭ Minor,135
Sympathy For The Devil (ver 2),Coldplay,C Minor,102
Killer Queen,Gorillaz,C Major,75
Shape Of My Heart,The Rolling Stones,F# Minor,84
Georgia On My Mind (ver 5),Queen,G Major,94
All I Want For Christmas Is You,Sting,E Major,150
Total Eclipse Of The Heart (ver 4),Ray Charles,F Major,135
By And By,Caamp,A Major,101
Stay (ver 2),The Kid LAROI,C# Major,76
Your Power,Justin Bieber,C# Minor,140
Memories (ver 2),Billie Eilish,B♭ Major,88
Devil Doesnt Bargain,Conan Gray,B Major,132
Mori,Alec Benjamin,D Major,84
Sweater Weather (ver 2),Dawid Podsiadło,A♭ Minor,124
Devil Town,The Neighbourhood,F Major,80
Stuck In The Middle With You (ver 3),cavetown,A Major,120
Way Maker (ver 3),Stealers Wheel,E Major,136
Try,Lauren Daigle,F# Major,144
Ive Just Seen A Face (ver 4),P!nk,F Major,126
Ob-La-Di Ob-La-Da,The Beatles,B♭ Major,113
Hallelujah (ver 3),The Beatles,F Major,131
To Be With You,Jeff Buckley,C Major,97
I Want To Break Free,Mr. Big,A Major,79
Disarm,Queen,B♭ Minor,155
House Of The Rising Sun (ver 3),The Smashing Pumpkins,A Minor,117
The Sound Of Silence,The Animals,G Minor,129
Big Yellow Taxi,Disturbed,E Major,158
Mr Loverman,Joni Mitchell,G Major,145
The Greatest Showman - A Million Dreams,Ricky Montgomery,G Major,148
Ill Fly Away,Misc Soundtrack,F# Major,113
O Brother Where Art Thou - I Am A Man Of Constant Sorrow (ver 3),Albert E. Brumley,F Major,86
1 Step Forward 3 Steps Back,Misc Soundtrack,D Major,169
I Drink Wine,Soggy Bottom Boys,A♭ Major,155
Tennessee Orange,Olivia Rodrigo,C Major,71
Worlds Smallest Violin,Adele,F Major,116
Golden Slumbers,Megan Moroney,C Major,81
Thats Alright Mama,Learke,A Major,104
High Hopes (ver 2),The Beatles,F Major,82
Lover You Shouldve Come Over (ver 4),Elvis Presley,G Major,78
Trouble (ver 2),Kodaline,B Minor,120
Turning Tables,Jeff Buckley,E♭ Major,78
We Will Rock You (ver 2),Coldplay,E Major,81
Put Your Head On My Shoulder,Adele,G Major,140
Motion Sickness,Queen,E♭ Minor,90
Follow You To Virgie Acoustic,Paul Anka,B♭ Major,79
So This Is Christmas,Phoebe Bridgers,D Major,46
The Greatest Showman - This Is Me (ver 2),Tyler Childers,D Major,96
Francis Forever Acoustic,Acceptance,D Major,102
Idk You Yet,Misc Soundtrack,C# Major,77
My Future,Joe Jonas,F Minor,162
Wasted On You,Mitski,B Minor,98
When We Are Together,Alexander 23,B Major,133
My Mind And Me,Billie Eilish,A Major,144
Mamma Mia - Our Last Summer (ver 3),Morgan Wallen,G Major,96
Happy Together,The 1975,B Major,118
Teardrops On My Guitar,Selena Gomez,B♭ Major,100
Tougher Than The Rest (ver 2),Bruce Springsteen,F Major,99
Chasing Cars (ver 3),Snow Patrol,A Major,104
Penny Lane (ver 4),The Beatles,F# Minor,113
Rolling In The Deep,Adele,A♭ Major,105
Breathe (ver 3),Pink Floyd,B Minor,128
Wayfaring Stranger,Johnny Cash,A Minor,119
Lodi (ver 2),Creedence Clearwater Revival,F Major,131
Angie (ver 6),The Rolling Stones,A Minor,132
Dont Stop Believin,Journey,E Major,119
Broken Halos,Chris Stapleton,A♭ Major,78
Let It Snow (ver 2),Misc Christmas,D Major,150
Half A Man Acoustic,Dean Lewis,C Major,78
I See Fire,Ed Sheeran,B♭ Minor,76
What A Beautiful Name (ver 2),Hillsong Worship,B Minor,136
Here Comes The Sun (ver 3),The Beatles,A Major,129
Wild Horses (ver 3),The Rolling Stones,G Major,75
Leave The Door Open,Silk Sonic,F Major,148
Sun To Me,Bruno Mars,C Major,80
Oklahoma Smokeshow,Anderson .Paak,A♭ Major,123
Youll Never Leave Harlan Alive (ver 3),Zach Bryan,D Minor,73
Mother (ver 2),Darrell Scott,C Major,146
Psycho Killer,Maroon 5,D Major,123
Beat It,Pink Floyd,F Major,170
Everybodys Changing,Talking Heads,A♭ Major,132
Fairytale Of New York (ver 4),Michael Jackson,D Major,101
Do They Know Its Christmas,Keane,C Major,115
Blister In The Sun,Pogues,C Major,97
500 Miles,Kirsty MacColl,A Major,98
Shut Up And Dance,Band Aid 20,A♭ Major,128
Pluto Projector,Violent Femmes,F Major,80
Late Night Talking,"Peter, Paul and Mary",E♭ Major,102
Chamber Of Reflection (ver 2),Rex Orange County,A♭ Minor,66
It Will Rain,Harry Styles,D Major,150
No Longer Slaves (ver 4),Oasis,G Major,95
Gangstas Paradise (ver 3),Mac DeMarco,C Minor,140
To Build A Home,Bruno Mars,A Major,148
Learn To Fly (ver 3),Bethel Music,C Major,138
Always On My Mind (ver 2),Coolio,B♭ Minor,94
For No One,The Cinematic Orchestra,C# Major,110
Noel,Patrick Watson,B Minor,138
Re Stacks,Foo Fighters,D Major,125
I Say A Little Prayer,Elvis Presley,A Major,133
Dont Know Why,The Beatles,D Major,113
Kiss From A Rose (ver 3),Chris Tomlin,C Major,56
Bitter Sweet Symphony (ver 2),Lauren Daigle,A Major,125
Budapest (ver 3),Bon Iver,F Major,120
Angel From Montgomery (ver 2),Aretha Franklin,F Major,86
Wichita Lineman (ver 7),Norah Jones,E♭ Major,138
Dont You Forget About Me (ver 2),Simple Minds,A Major,111
My Immortal Acoustic,Evanescence,A Major,76
Baby Acoustic,Justin Bieber,D Major,130
Winter Wonderland,Misc Christmas,A Major,113
Old Macdonald Had A Farm,Misc Children,F Major,110
Rest On Us,Maverick City Music,B♭ Major,144
Seventeen Going Under (ver 4),UPPERROOM,C# Major,162
Family Line,Sam Fender,F# Major,154
Growing Sideways,Conan Gray,G Major,105
Someday,Noah Kahan,A Major,118
Sweet Creature,The Strokes,G Major,104
Happy (ver 2),Harry Styles,G Minor,124
Angels We Have Heard On High (ver 2),Pharrell Williams,F Major,104
How To Disappear Completely,Misc Christmas,B Major,67
All You Need Is Love (ver 3),Radiohead,G Major,103
Hotel California (ver 3),The Beatles,D Major,147
Do I Wanna Know,Eagles,G Major,111
I Was Made For Lovin You,Pogues,A Major,124
Fallin,KISS,C# Major,124
Melissa,Alicia Keys,C# Major,104
Mr Blue Sky,The Allman Brothers Band,E Major,94
Lucky (ver 2),Electric Light Orchestra,F Major,148
Little Do You Know,Jason Mraz,B Major,151
Neon Moon,Colbie Caillat,B Major,95
The Drugs Dont Work,Alex & Sierra,C Major,77
Lose Yourself,Brooks & Dunn,E Major,95
Crazy Little Thing Called Love (ver 3),Eminem,C Major,77
Youll Be In My Heart,Grover Washington Jr.,B♭ Minor,99
Stacys Mom,Bill Withers,A Major,98
Hallucinogenics,Queen,A♭ Minor,116
2002,Phil Collins,F Major,115
Landslide (ver 2),Fountains of Wayne,A Major,155
I Am The Highway,Matt Maeson,C Major,121
Say Yes (ver 3),Lana Del Rey,F Major,153
Lost Boy,Anne-Marie,B Major,120
Use Somebody (ver 2),Fleetwood Mac,C Major,124
Free Fallin (ver 2),Audioslave,F# Major,120
O Holy Night (ver 2),Elliott Smith,C Major,125
Is This Love,Ruth B.,F# Minor,89
I Cant Make You Love Me (ver 2),Kings of Leon,G Minor,123
The Sound Of Silence (ver 5),Misc Christmas,F# Minor,86
Riders On The Storm (ver 3),Bob Marley,C Minor,88
L-O-V-E,Simon & Garfunkel,C Minor,99
Cant Help Falling In Love (ver 3),The Doors,D Major,174
Go Tell It On The Mountain,Neil Diamond,C Major,99
Cups,Anna Kendrick,C Major,130
Lost Boy Acoustic,Ruth B.,G Major,124
This Is Amazing Grace,Phil Wickham,B♭ Major,98
Break My Heart Again,FINNEAS,E Minor,144
Chasin You,Morgan Wallen,G Major,97
I Speak Jesus,Here Be Lions,C Major,148
Your New Boyfriend,Wilbur Soot,G Major,105
Deja Vu,Olivia Rodrigo,D Major,90
Call Me Maybe,Carly Rae Jepsen,G Major,120
Wake Me Up,Avicii,D Major,124
Naive (ver 2),The Kooks,A♭ Minor,104
Flume (ver 3),Bon Iver,B Major,133
Lua,Bright Eyes,D Major,105
Twelve Days Of Christmas (ver 5),Misc Christmas,B♭ Major,115
Bad Day (ver 2),Daniel Powter,B♭ Minor,174
Aashiqui 2 - Tum Hi Ho (ver 2),Misc Soundtrack,F Minor,94
Folsom Prison Blues,The Beatles,C Major,111
The Reason (ver 6),Johnny Cash,E Major,83
When You Say Nothing At All,Hoobastank,E♭ Major,172
Happy Xmas War Is Over (ver 3),Ronan Keating,D Major,146
Im On Fire (ver 2),John Lennon,E Major,80
Friend Of The Devil (ver 2),Bruce Springsteen,G Major,86
On The Road Again,Grateful Dead,C Major,140
White Christmas (ver 4),Willie Nelson,C Major,115
Way Down We Go Live,Bing Crosby,B♭ Minor,163
San Francisco (ver 2),Kaleo,C# Major,120
Ill Be There For You,Scott McKenzie,A Major,95
No Rain,The Rembrandts,B Major,80
Shake It Off,Blind Melon,G Major,160
Have Yourself A Merry Little Christmas,Taylor Swift,A♭ Major,69
La Vie En Rose,Misc Christmas,F# Major,88
Interstate Love Song,Daniela Andrade,A♭ Minor,80
Baby Can I Hold You,Stone Temple Pilots,C# Major,144
Hallelujah (ver 4),Tracy Chapman,F Minor,126
I Dont Want To Talk About It (ver 4),Leonard Cohen,B Major,132
Sundown,Rod Stewart,D Major,75
Steven Universe - Love Like You (ver 8),Gordon Lightfoot,C Minor,118
Waiting Room,Misc Cartoons,D Major,130
Bad Liar,Phoebe Bridgers,C# Major,121
Sofia,Imagine Dragons,E♭ Major,90
All My Ghosts,Clairo,D Major,127
Hells Comin With Me,Lizzy McAlpine,E Minor,130
Erase Me,Poor Man's Poison,E Minor,130
Shape Of You,Lizzy McAlpine,B Major,142
Landslide (ver 3),Ed Sheeran,B♭ Major,145
Hero (ver 2),Brett Young,E♭ Major,88
We Are The World (ver 2),Fleetwood Mac,E Major,73
The Christmas Song Chestnuts Roasting On An Open Fire,Enrique Iglesias,F Minor,66
I Dont Love You,My Chemical Romance,C Major,170
Come As You Are (ver 2),Nirvana,F Minor,119
If I Fell,The Beatles,D Major,108
Brain Damage,Pink Floyd,D Major,134
Under Pressure,Queen,D Major,114
One (ver 2),David Bowie,G Major,112
Ziggy Stardust (ver 3),Lady Gaga,G Major,80
Learning To Fly (ver 2),David Bowie,E Minor,101
Imagine (ver 4),Tom Petty and The Heartbreakers,A Major,81
Lets Stay Together,John Lennon,G Minor,102
All I Want For Christmas Is You (ver 6),Al Green,D Major,150
The Passenger,Mariah Carey,C Major,135
Happy Birthday,Iggy Pop,D Major,115
Bubble Gum,Misc Traditional,B Major,94
17 Sinterklaasliedjes,Clairo,B Major,110
Shotgun (ver 2),Misc Children,D Major,149
Save Me Acoustic,George Ezra,F Major,128
Another Love (ver 6),"Jelly Roll (US, Nashville, TN)",B Major,105
Something Just Like This (ver 3),Tom Odell,B Minor,112
Japanese Denim,The Chainsmokers,E♭ Major,124
Anyone Else But You,Daniel Caesar,E Minor,74
How He Loves,The Moldy Peaches,D Major,168
Everlong (ver 2),David Crowder*Band,C# Major,94
Friends In Low Places (ver 5),Creedence Clearwater Revival,A Major,111
Purple Rain,Garth Brooks,A Major,114
I Will (ver 2),Prince,G Major,86
Suzanne,The Beatles,F# Minor,132
Read All About It Pt Iii,Leonard Cohen,E Minor,109
Wonderful Tonight,Emeli Sandé,D Major,98
Should I Stay Or Should I Go (ver 3),Eric Clapton,D Major,113
Heaven Knows Im Miserable Now,The Clash,F# Major,114
I Just Called To Say I Love You (ver 4),The Smiths,C Major,116
Every Breath You Take (ver 2),Stevie Wonder,A Major,120
God Only Knows (ver 4),The Police,A♭ Major,80
Whiskey In The Jar,The Beach Boys,B♭ Major,133
I Have Nothing,The Dubliners,B Minor,143
My Girl,Whitney Houston,C Major,82
Til You Cant,The Temptations,F Major,106
Merry Christmas,Cody Johnson,D Major,105
Nonsense,Ed Sheeran,C# Major,142
Great Are You Lord,Sabrina Carpenter,E♭ Minor,120
Stairway To Heaven (ver 2),All Sons & Daughters,G Major,87
Stubborn Love (ver 2),Led Zeppelin,C Major,115
Colors Of The Wind,Alicia Keys,C# Major,82
Tangled - When Will My Life Begin (ver 3),Vanessa Williams,E Major,108
Only Ones Who Know,Misc Cartoons,F Major,170
Bed Of Roses,Mandy Moore,F Major,165
Hound Dog (ver 2),Elvis Presley,A Major,176
Youve Got To Hide Your Love Away,The Beatles,G Major,92
Nowhere Man (ver 2),The Beatles,E Major,120
Enter Sandman,Metallica,F# Minor,123
Wild World (ver 2),Cat Stevens,C Major,152
One Call Away,Charlie Puth,C# Major,91
Soldier Of Fortune,Deep Purple,D Minor,67
Man On The Moon (ver 3),R.E.M.,E♭ Major,104
Into The Mystic (ver 2),Van Morrison,E♭ Major,85
Dont Know Why (ver 2),Norah Jones,F Major,176
There She Goes,The La's,G Major,123
When It Rains It Pours,Luke Combs,F# Major,128
Dumb Acoustic,Nirvana,B Major,114
Payphone,Jayesslee,C Major,105
Revenge,XXXTENTACION,B Minor,140
The Kind Of Love We Make,Luke Combs,C# Major,102
R U Mine,Arctic Monkeys,F# Minor,97
What Makes You Beautiful,One Direction,E Major,125
Bring Me To Life (ver 6),Evanescence,E Minor,95
Remember When,Alan Jackson,D Major,126
Bloom (ver 3),The Paper Kites,C# Major,96
What Are You Listening To,Chris Stapleton,B♭ Major,162
Rivers And Roads,The Head and the Heart,C Major,136
Georgia,Phoebe Bridgers,D Major,102
Auld Lang Syne (ver 2),Misc Traditional,D Major,102
Drive (ver 8),cavetown,A Minor,95
Tonight Tonight (ver 3),Incubus,B Minor,154
In Bloom (ver 3),The Smashing Pumpkins,C# Major,131
Wonderful World,Nirvana,E Major,130
Here Without You (ver 3),Sam Cooke,A Minor,144
She Loves You,3 Doors Down,C Major,92
You Shook Me All Night Long,The Beatles,G Major,127
Kryptonite,AC/DC,G Major,99
Little Wing,3 Doors Down,F# Major,71
One More Light,Jimi Hendrix,A♭ Major,176
Forever Young,Linkin Park,A Minor,140
Dancing In The Dark (ver 2),Alphaville,A♭ Major,125
A Case Of You,Bruce Springsteen,A♭ Major,125
Still,Joni Mitchell,G Major,100
Marys Boy Child,Hillsong Worship,B♭ Major,106
O Re Piya,Misc Christmas,C# Major,128
Show Me How,Rahat Fateh Ali Khan,B♭ Major,96
Death Bed Coffee For Your Head,Men I Trust,A♭ Minor,144
Ghost Town,Powfu,D Major,136
Homesick,Benson Boone,A Major,81
Little Black Submarines (ver 2),Noah Kahan,G Major,75
Redbone,The Black Keys,C# Major,160
I Love Rock N Roll,Childish Gambino,E♭ Major,97
Hero Of War (ver 3),Rise Against,E Major,77
My Hero,Foo Fighters,A Major,77
Rape Me (ver 2),Nirvana,F# Major,113
Gimme Gimme Gimme,ABBA,B♭ Major,120
Are You Lonesome Tonight,Elvis Presley,C Major,73
Two Of Us (ver 7),The Beatles,G Major,109
Hey You,Pink Floyd,C Major,112
I Can See Clearly Now,Johnny Nash,D Major,123
Atlantic City,Bruce Springsteen,E Major,108
Sister Golden Hair (ver 3),America,E Major,141
The Nights (ver 3),Avicii,F# Major,116
No1 Party Anthem,Arctic Monkeys,C Major,115
Snap Out Of It,Arctic Monkeys,F Minor,130
Forever And Ever Amen,Randy Travis,D Major,90
The Dance,Garth Brooks,G Major,135
Gentle On My Mind (ver 2),Glen Campbell,E♭ Major,108
The Middle,Jimmy Eat World,D Major,162
La Bamba (ver 2),Ritchie Valens,C Major,75
I Will Always Love You (ver 3),Whitney Houston,E Major,136
I Want To Know What Love Is,Foreigner,F# Major,81
Id Rather Go Blind,Etta James,B Minor,83
Sunny,Bobby Hebb,E Minor,128
Cowboy Like Me,Taylor Swift,C Major,128
Off My Face,Justin Bieber,E Major,91
Waste,Kxllswxtch,G Major,132
Thered Better Be A Mirrorball,Arctic Monkeys,E♭ Major,144
Silver Tongues,Louis Tomlinson,D Major,160
I Miss You,Blink-182,B Major,110
Keep The Wolves Away,Uncle Lucius,C# Minor,122
Highwayman,The Highwaymen,D Major,101
Decode (ver 4),Paramore,B♭ Minor,164
Need You Now,Lady A (Lady Antebellum),E Major,108
Above All,Michael W. Smith,B♭ Major,67
Wake Me Up When September Ends,Green Day,G Major,105
Iris (ver 13),Goo Goo Dolls,B Minor,157
If You Could Read My Mind,Gordon Lightfoot,A Major,123
American Idiot,Green Day,C# Major,93
Fix You,Coldplay,E♭ Major,138
Angie (ver 7),The Rolling Stones,A Minor,132
Working Class Hero,John Lennon,G Major,159
Vincent,Don McLean,G Major,92
Youre So Vain (ver 3),Carly Simon,A Minor,106
Love Hurts,Nazareth,G Major,80
I Have A Dream (ver 2),ABBA,B♭ Major,105
Time After Time (ver 4),Cyndi Lauper,C Major,130
New York State Of Mind,Billy Joel,C Major,121
Islands In The Stream,Kenny Rogers,A♭ Major,102
Love Is A Laserquest Acoustic,Dolly Parton,A♭ Major,90
Washing Machine Heart,Arctic Monkeys,D Major,92
I See Red,Everybody Loves an Outlaw,E Minor,157
Doomsday,Lizzy McAlpine,C# Major,135
Mandaaram Kathawe,Anushka Udana,D Minor,82
Blue Jeans,Amith Guru,G Major,105
End Of The Line,Wasthi,D Major,167
Ophelia (ver 4),Louis Tomlinson,E♭ Major,134
Paparazzi (ver 2),Lana Del Rey,E Minor,91
Dannys Song,Traveling Wilburys,D Major,167
Ivy,Lady Gaga,G Major,96
Fields Of Gold (ver 7),Loggins & Messina,D Major,95
In The Ghetto (ver 7),Jason Isbell,B♭ Major,89
New York New York,Sting,A Major,102
Bring It On Home To Me (ver 3),Elvis Presley,A Major,108
Grow Old With You,Frank Sinatra,F# Major,67
O Christmas Tree (ver 2),Sam Cooke,D Major,140
In The Bleak Midwinter,Nancy Sinatra,C# Major,129
Bags,Adam Sandler,C# Minor,124
I Thank God (ver 2),Misc Christmas,C# Major,130
The Sound Of Music - My Favorite Things,Misc Christmas,F Minor,114
Where The Crawdads Sing - Carolina,Christina Rossetti,B Minor,116
Vigilante Shit,Gustav Holst,G Minor,148
Knockin On Heavens Door (ver 3),Clairo,C Major,132
Say You Wont Let Go,Maverick City Music,C Major,107
Hello (ver 2),Misc Musicals,A Major,89
Hold On,Julie Andrews,E♭ Major,107
Stone Cold,Rodgers & Hammerstein,D Major,124
Iris (ver 7),Misc Soundtrack,D Major,124
Born To Run,Taylor Swift,A♭ Major,120
Sk8Er Boi (ver 3),Taylor Swift,C Major,150
Cant Buy Me Love,Guns N' Roses,C Major,142
New Kid In Town,James Arthur,C# Major,165
Knockin On Heavens Door,Lifehouse,C Major,132
Its All Over Now Baby Blue,Adele,D Major,112
Another One Bites The Dust,Chord Overstreet,F Minor,110
Underneath The Tree,Demi Lovato,A♭ Major,160
Paranoid (ver 2),Goo Goo Dolls,D Major,164
Self Control,Bruce Springsteen,D Major,84
Hostage,The Beatles,F# Minor,95
Jimmy,Eagles,E Minor,107
We Three Kings,Bob Dylan,E Minor,119
I Think I Like When It Rains,Bob Dylan,A Major,124
The Blessing (ver 2),Queen,B Major,140
Right Where You Left Me,Kelly Clarkson,A Minor,160
Fingers Crossed,Black Sabbath,C Major,158
Lovesong,The Cure,A Minor,140
Back To December (ver 2),Taylor Swift,D Major,110
Misery Business (ver 2),Paramore,A♭ Major,173
Free Fallin (ver 4),John Mayer,F Major,174
Bruises,Lewis Capaldi,E Major,111
Rudolph The Red-Nosed Reindeer,Misc Christmas,C Major,164
Red,Taylor Swift,C# Minor,125
Today (ver 2),The Smashing Pumpkins,A♭ Major,83
One Of Us (ver 4),Joan Osborne,A Major,87
Electric Love (ver 2),BØRNS,A Major,116
Be Thou My Vision (ver 2),Misc Praise Songs,G Major,83
Soldier Poet King,The Oh Hellos,A♭ Major,118
Sunday Morning Coming Down (ver 5),Johnny Cash,A♭ Major,76
Tangled Up In Blue,Bob Dylan,A Major,101
Blowin In The Wind (ver 8),Bob Dylan,D Major,89
Carol Of The Bells,Pentatonix,C Minor,172
When The Sun Goes Down,Arctic Monkeys,B Minor,169
Love Will Tear Us Apart,Joy Division,D Major,147
Mr Bojangles,Jerry Jeff Walker,D Major,168
Annies Song (ver 2),John Denver,C Major,138
Rehab,Amy Winehouse,C Major,72
River (ver 3),Leon Bridges,A♭ Major,128
Pinkfong - Baby Shark (ver 2),Misc Children,A♭ Major,115
Whiskey Glasses,Morgan Wallen,F# Major,150
Forever,Lewis Capaldi,C# Major,85
Graceland Too,Phoebe Bridgers,B♭ Major,150
Jireh (ver 2),Elevation Worship,E♭ Major,140
Getting Older,Billie Eilish,B♭ Major,160
Daydream,Lily Meola,F Minor,92
How Could You,Jessie Murph,B Major,147
Wildflowers (ver 2),Tom Petty,A Major,111
Ang Huling El Bimbo,Eraserheads,F# Major,89
Besame Mucho,Andrea Bocelli,F Minor,95
Million Years Ago,Adele,C# Minor,106
Firework,Katy Perry,A♭ Major,124
Welcome To The Black Parade,My Chemical Romance,D Major,97
Friends In Low Places,Garth Brooks,A Major,108
Goodbye My Lover (ver 2),James Blunt,E Major,94
Wild Thing,The Troggs,A Major,102
Best Of You,Foo Fighters,C# Minor,130
Thunder Road (ver 7),Bruce Springsteen,F Major,140
Jesus Etc (ver 4),Wilco,F Major,109
The Story (ver 2),Brandi Carlile,B Major,94
Billie Jean (ver 3),Michael Jackson,B Minor,117
Rhiannon,Fleetwood Mac,A Minor,129
Royals,Lorde,G Major,85
Brothers In Arms (ver 3),Dire Straits,A♭ Minor,79
Take Me Out (ver 2),Franz Ferdinand,E Minor,105
Rise Up,Andra Day,C# Major,119
The Final Countdown,Europe,F# Minor,118
Let Her Cry,Hootie & the Blowfish,G Major,143
The Wreck Of The Edmund Fitzgerald (ver 5),Gordon Lightfoot,E Major,93
Turning Page,Sleeping at Last,E♭ Major,115
Get You,Daniel Caesar,E Minor,74
I Wish It Could Be Christmas Everyday,Kali Uchis,B Minor,84
Leise Rieselt Der Schnee,Wizzard,D Major,106
Night Shift,Misc Christmas,F Minor,126
Wie Schön Daß Du Geboren Bist,Lucy Dacus,G Major,126
A Star Is Born - Ill Never Love Again,Rolf Zuckowski,G Major,109
Norman Fucking Rockwell Album,Misc Soundtrack,F Major,78
Stand Up,Lady Gaga,C# Major,99
Chinese Satellite,Bradley Cooper,B♭ Major,136
Mirrorball,Lana Del Rey,A Major,76
The Joker And The Queen,Phoebe Bridgers,B Major,131
Js Lullaby Darlin Id Wait For You,Taylor Swift,C Major,110
Im Not The Only One (ver 2),Taylor Swift,F Major,82
Stressed Out,Ed Sheeran,F# Major,90
Life Is A Highway,Taylor Swift,F Major,103
Its Been Awhile (ver 2),Delaney Bailey,A Major,107
Born To Die (ver 2),Sam Smith,G Major,95
Rockin In The Free World (ver 3),twenty one pilots,E Minor,131
Cyclone (ver 2),Rascal Flatts,C Major,89
Hymn For The Weekend,Staind,C Minor,90
House Of Memories,Lana Del Rey,C# Minor,112
Picture,Neil Young,C Major,96
Love Is A Losing Game,Sticky Fingers,C Major,165
O Little Town Of Bethlehem (ver 2),Coldplay,D Major,99
I Knew You Were Trouble,Beyoncé,F# Major,154
Worthy Is The Lamb,Panic! At the Disco,G Major,132
The Last Goodbye,Kid Rock,E Major,129
The End Of The World,Sheryl Crow,B♭ Major,94
City Of New Orleans,Amy Winehouse,F Minor,97
Honky Tonk Women,Misc Christmas,A♭ Major,135
I Cant Get No Satisfaction (ver 2),Taylor Swift,A Minor,102
Good Old Fashioned Lover Boy (ver 2),Darlene Zschech,E♭ Major,97
Simple Man (ver 2),Skeeter Davis,F# Major,120
Homeward Bound (ver 3),Arlo Guthrie,E Minor,129
Rocky Mountain High,The Rolling Stones,G Major,122
She Talks To Angels,The Rolling Stones,E Major,160
In The Air Tonight,Queen,C Major,95
Pancho And Lefty (ver 3),Queen,D Major,123
All I Have To Do Is Dream (ver 5),Lynyrd Skynyrd,G Major,76
True Colors (ver 3),Simon & Garfunkel,F# Major,91
Christmas Time (ver 3),John Denver,C Major,122
Bad Guy,The Black Crowes,B♭ Minor,160
All The Good Girls Go To Hell,Phil Collins,E Minor,105
The Adults Are Talking,Willie Nelson,C# Major,109
Colors,Black Pumas,C# Minor,90
Coraline,Måneskin,D Minor,162
Male Fantasy,Billie Eilish,D Major,111
Top Gun Maverick - Hold My Hand,Misc Soundtrack,G Major,148
Hits Different,Lady Gaga,B♭ Minor,131
Rockstar,Taylor Swift,A♭ Major,110
Dani California,Nickelback,A Minor,120
Sleep On The Floor,Red Hot Chili Peppers,A♭ Major,121
Chicken Fried,The Lumineers,F# Major,170
I Dont Want To Set The World On Fire (ver 2),Zac Brown Band,B♭ Minor,89
Here Comes Your Man,The Ink Spots,B♭ Major,117
Je Veux,U2,C Major,88
Mary Did You Know (ver 2),Zaz,B Minor,105
You Got It,Pentatonix,B Minor,105
Just,Roy Orbison,E Major,135
Thunderstruck,Radiohead,E♭ Major,107
Sitting Waiting Wishing (ver 2),AC/DC,A Minor,100
Dead Flowers,Jack Johnson,D Major,130
Cocaine,The Rolling Stones,A♭ Major,136
Beer (ver 2),Eric Clapton,D Minor,94
Alone Again Naturally (ver 5),Itchyworms,A♭ Minor,172
Stand By Me (ver 2),Gilbert O'Sullivan,G Major,104
Moondance,Ben E. King,B♭ Minor,95
Crazy (ver 2),Van Morrison,D Major,77
Black Velvet,Patsy Cline,B♭ Major,108
Thats Christmas To Me,Alannah Myles,F# Major,79
Feeling Good (ver 2),Pentatonix,B Major,70
Mulan - Reflection,Nina Simone,A Major,93
Город Под Подошвой,Misc Cartoons,B♭ Minor,90
Fire On Fire,Oxxxymiron,B♭ Minor,85
Control,Sam Smith,A Major,119
Forever After All,Zoe Wees,G Major,164
Happier Acoustic,Luke Combs,C# Major,131
Stick Season Acoustic Live,Clinton Kane,B♭ Minor,129
Babalik Sayo,Noah Kahan,G Major,89
Beauty And The Beast Theme,Luke Combs,A♭ Major,172
Jingle Bell Rock,Misc Cartoons,D Major,120
Everybody Talks,Bobby Helms,D Major,120
Canon In D (ver 2),Neon Trees,D Major,64
Liability (ver 2),Johann Pachelbel,D Major,153
People Are Strange (ver 5),Lorde,B Minor,128
Whiskey In The Jar,The Doors,B♭ Major,133
Christmas Lights (ver 2),Metallica,G Major,129
Hotel California (ver 2),Coldplay,D Major,75
Desperado,Eagles,G Major,60
Still Got The Blues,Gary Moore,A Minor,170
With Or Without You (ver 4),U2,D Major,110
Its My Life (ver 3),Bon Jovi,C Minor,121
The Blowers Daughter,Damien Rice,E Major,133
Money For Nothing,Dire Straits,D Minor,134
Walk On The Wild Side (ver 2),Lou Reed,C Major,104
Son Of A Preacher Man,Dusty Springfield,E Major,91
O Tannenbaum,Misc Christmas,F Major,161
Drinkin Problem,Midland,A Major,102
Six Feet Under,Billie Eilish,B Minor,68
Shout To The Lord,Chris Tomlin,C# Major,96
Mystery Of Love,Sufjan Stevens,E Minor,132
Wagon Wheel,Old Crow Medicine Show,A Major,146
A Pearl,Mitski,A♭ Major,85
Hold Me While You Wait (ver 2),Lewis Capaldi,B Major,106
God Speed,Zach Bryan,C Major,79
Frozen 2 - All Is Found,Misc Cartoons,F Major,83
Pancakes For Dinner (ver 3),Lizzy McAlpine,B Major,142
My Tears Ricochet,Taylor Swift,C Major,130
Cover Me In Sunshine,P!nk,F Major,160
Billie Bossa Nova,Willow Sage Hart,G Minor,110
Tänd Ett Ljus,Billie Eilish,A Major,108
Castle On The Hill (ver 4),Ankan Kumar,D Major,133
Whiskey Lullaby (ver 2),Ed Sheeran,D Major,74
If I Die Young,Brad Paisley,E Major,131
Robbers (ver 3),The Band Perry,E Major,100
Sea Of Love,The 1975,D Major,121
Emmylou,Cat Power,F# Major,88
Colder Weather,First Aid Kit,E♭ Major,136
Jailhouse Rock,Zac Brown Band,C# Major,147
Where Is My Mind (ver 2),Elvis Presley,E Major,80
Always,Pixies,B Minor,80
Sos,Bon Jovi,C# Major,101
The Winner Takes It All (ver 3),ABBA,F# Major,120
Everywhere,Gregory Alan Isakov,G Minor,82
Margaritaville (ver 2),Fleetwood Mac,F# Major,165
Your Song (ver 7),Jimmy Buffett,F Major,103
Sex And Candy,Townes Van Zandt,D Major,81
Lost Stars,Marcy Playground,B Minor,122
Please Never Fall In Love Again,Adam Levine,F Major,110
Dusk Till Dawn (ver 2),Ollie MN,G Major,100
Rockin Around The Christmas Tree (ver 2),Zayn,A♭ Major,67
Nothing Live,Misc Christmas,G Major,123
Señorita (ver 2),Bruno Major,A Minor,117
To The Bone,Shawn Mendes,C# Major,150
Lonely,Camila Cabello,D Minor,84
Astronomy,Pamungkas,C Major,100
Les Misérables - I Dreamed A Dream (ver 4),Misc Musicals,E♭ Major,168
Les Misérables - On My Own,Misc Musicals,F Major,110
Wait In The Truck,"HARDY (US, country)",F# Major,140
The Greatest Day Of My Life,Lainey Wilson,E♭ Major,150
Handle With Care (ver 2),Zach Bryan,G Major,173
Use Somebody (ver 3),Traveling Wilburys,D Major,168
Freaking Out The Neighborhood,Lana Del Rey,F Major,78
Grease - Hopelessly Devoted To You (ver 2),Mac DeMarco,B Minor,111
Cant Help Falling In Love (ver 6),Misc Soundtrack,D Major,100
The Fields Of Athenry,Olivia Newton-John,D Major,104
Dont Panic (ver 3),Elvis Presley,D Major,67
Knocking On Heavens Door,The Dubliners,G Major,140
The Rose (ver 2),Eric Clapton,F# Major,138
Light My Fire (ver 4),Simon & Garfunkel,G Major,120
Superstition,Bette Midler,C Major,160
To Love Somebody (ver 2),The Doors,A Major,90
Sailing (ver 2),Stevie Wonder,F Major,88
The Thrill Is Gone,Rod Stewart,F# Major,91
Exs And Ohs,The Doobie Brothers,C# Minor,106
Swing Life Away Acoustic,B.B. King,B Minor,91
The Greatest Showman - Tightrope,Elle King,A Major,162
This City (ver 2),Rise Against,A Major,101
Sadhai Sadhai,Misc Soundtrack,A Major,132
Its You,Michelle Williams,F Minor,94
Snow,Sam Fischer,C Major,108
Ser Du Månen Där Du Är Ikväll Tillsammans Igen,Mantra (Nepal),E Major,95
Josefin,Ali Gatie,D Major,106
Welcome To The Internet,Zach Bryan,G Major,110
I Love You So Acoustic,Thomas Stenström,B♭ Major,76
She Had Me At Heads Carolina,Albin Lee Meldau,A♭ Major,135
Little Freak,Bo Burnham,E♭ Major,142
Scar Tissue,The Walters,C Major,89
Daughters,Cole Swindell,A Major,138
Beautiful (ver 2),Harry Styles,B Minor,128
You Are My All In All,Red Hot Chili Peppers,F Major,101
Santa Claus Is Coming To Town (ver 3),Will Ferrel,C Major,120
Revelation Song,Christina Aguilera,B Major,136
Into My Arms,Aaron Shust,C Major,148
The Cave,Tom Waits,E Major,142
Bad Bad Leroy Brown (ver 3),Misc Christmas,G Major,148
Sunrise (ver 4),Kari Jobe,C# Major,155
Grandma Got Run Over By A Reindeer,Nick Cave & The Bad Seeds,E Major,109
Give Thanks (ver 3),Mumford & Sons,D Minor,124
Helena (ver 4),Jim Croce,A♭ Minor,130
Eternal Flame (ver 2),Norah Jones,D Major,94
Venus (ver 2),Shocking Blue,C# Minor,128
Under The Milky Way,The Church,A Minor,136
Everybodys Talkin (ver 2),Harry Nilsson,E Major,125
Last Request,Paolo Nutini,F Major,81
Hand In My Pocket (ver 3),Alanis Morissette,C Major,93
Where The Streets Have No Name,U2,D Major,126
A Change Is Gonna Come,Sam Cooke,B♭ Major,174
Breakfast At Tiffanys (ver 2),Deep Blue Something,D Major,111
Believe (ver 2),Cher,F# Major,133
Billie Jean (ver 2),Michael Jackson,G Minor,117
The One I Love,R.E.M.,D Major,128
Aint No Rest For The Wicked,Cage the Elephant,C Major,156
Mamma Mia (ver 2),ABBA,D Major,136
Last Christmas (ver 2),Wham!,C# Major,107
50 Ways To Leave Your Lover (ver 7),Paul Simon,E Minor,101
Youve Got A Friend,Carole King,A♭ Major,169
Lady In Black,Uriah Heep,G Major,87
San Luis,Gregory Alan Isakov,G Minor,82
King Of Kings,Hillsong Worship,D Major,136
Love Is Gone,SLANDER (US),E♭ Minor,130
Letting Someone Go,Dylan Matthew,C Major,84
Angels Like You,Zach Bryan,E Major,110
Sarah,Miley Cyrus,F# Major,134
Khamoshiyan Title Song,Alex G ((Sandy) Alex G),D Major,170
Buy Dirt,Misc Soundtrack,E Major,89
Same God,Arijit Singh,D Major,128
Its You,Jordan Davis,G Major,100
High Infidelity,Elevation Worship,B♭ Major,88
Soul To Squeeze,Jonsal Barrientes,F Major,88
Whats Up,MAX,G Major,161
Ophelia,keshi,F Minor,110
Chop Suey (ver 2),Taylor Swift,G Minor,127
You Were Meant For Me,Red Hot Chili Peppers,E♭ Major,123
Bang Bang My Baby Shot Me Down (ver 2),4 Non Blondes,E Minor,158
Who Am I,The Lumineers,A♭ Major,151
One Day,System Of A Down,B Major,113
Buddy Holly (ver 2),Jewel,F Minor,140
You Say,Nancy Sinatra,C# Major,129
Watch,Casting Crowns,A♭ Major,80
On Melancholy Hill (ver 2),Matisyahu,D Major,120
Let It Be (ver 5),Weezer,C Major,137
When Im Sixty Four,Lauren Daigle,C Major,120
Im Only Sleeping (ver 4),Billie Eilish,B Major,103
Lonely Boy,Gorillaz,C Major,75
Shelter From The Storm (ver 2),The Beatles,F Major,90
Stayin Alive (ver 2),The Beatles,F Minor,108
The Only Living Boy In New York (ver 2),The Beatles,B Major,77
Carolina In My Mind (ver 4),Bob Dylan,E Major,75
Piano Man,Bee Gees,B♭ Minor,104
Ode To My Family,The Cranberries,G Major,94
Love The Way You Lie,Eminem,B♭ Major,87
Feel (ver 5),Rihanna,F Major,132
Helplessly Hoping,Robbie Williams,E Major,150
Tulkoon Joulu,"Crosby, Stills & Nash",E♭ Major,101
Its My Life Acoustic,Misc Christmas,A♭ Minor,126
Deck The Halls,Bon Jovi,G Major,120
Its Beginning To Look A Lot Like Christmas,Misc Christmas,A♭ Major,120
Christmas Song,Meredith Willson,F Major,117
High School Musical - Breaking Free,Nat King Cole,C Minor,108
Simply The Best,Misc Soundtrack,B Major,140
Adventure Time - Come Along With Me,Noah Reid,A Minor,120
Pool House,Misc Cartoons,B Major,120
Aladdin - Speechless (ver 4),Ashley Eriksson,F# Minor,125
Lose You To Love Me,The Backseat Lovers,C# Major,162
Moon Song (ver 2),Misc Soundtrack,C# Major,155
Ivy,Naomi Scott,D Major,172
Hamilton - Youll Be Back,Selena Gomez,C Major,122
Hamilton - Burn,Phoebe Bridgers,D Major,100
Against The Wind,Taylor Swift,G Major,110
Sex Sells,Misc Musicals,C Major,146
Tek It,Jonathan Groff,F# Minor,118
Change,Misc Musicals,C Major,80
All My Love,Phillipa Soo,B♭ Major,150
October Passed Me By,Bob Seger & The Silver Bullet Band,A Major,109
Thinking Out Loud (ver 2),Lovejoy,B♭ Minor,133
Heal (ver 2),Cafuné,B♭ Major,160
Like Real People Do,Big Thief,C# Major,80
What A Friend We Have In Jesus,girl in red,E♭ Major,91
Human (ver 2),Ed Sheeran,E♭ Minor,75
Spongebob Squarepants - Ripped Pants (ver 2),Tom Odell,C Major,123
I Just Died In Your Arms (ver 2),Hozier,B Minor,125
Disenchanted,Secondhand Serenade,C Minor,100
We Are Never Ever Getting Back Together,Misc Praise Songs,G Major,86
Que Sera Sera,Christina Perri,B♭ Major,139
Blessed Be Your Name,Misc Cartoons,B Major,116
Paradise City,Cutting Crew,C Major,145
No Buses (ver 3),My Chemical Romance,F Major,105
Train Wreck (ver 2),Taylor Swift,F# Minor,77
Do You Want To Know A Secret (ver 2),Frank De Vol,E Major,124
Day Tripper (ver 3),Matt Redman,A Major,141
Cecilia (ver 4),Guns N' Roses,A Major,149
Torn (ver 6),Arctic Monkeys,G Major,100
Hey There Delilah,James Arthur,D Major,104
Nothing Else Matters (ver 3),The Beatles,E Minor,142
You Cant Always Get What You Want (ver 2),The Beatles,C Major,86
Christmas Time Is Here,The Beatles,A Minor,75
I Took A Pill In Ibiza (ver 2),Simon & Garfunkel,B♭ Major,74
After The Gold Rush,Neil Young,C Major,90
Dreams (ver 5),Fleetwood Mac,C Major,120
Waterloo Sunset,The Kinks,C# Minor,108
West Coast,Lana Del Rey,F# Minor,123
Lay All Your Love On Me,ABBA,C Major,133
Lovely Day (ver 5),Bill Withers,A Major,98
Fields Of Gold (ver 2),Eva Cassidy,A Major,80
Easy (ver 4),Commodores,B♭ Minor,132
Never Tear Us Apart,INXS,C Major,97
As Long As You Love Me (ver 2),Backstreet Boys,C Major,69
The Joker,Steve Miller Band,F Major,83
Daydream Believer,The Monkees,G Major,126
Man I Feel Like A Woman (ver 2),Shania Twain,B♭ Major,126
Black Magic Woman,Santana,D Minor,124
The Moon Song,Karen O,C Major,162
Losing Interest,Shiloh Dynasty,B♭ Minor,115
Mighty To Save (ver 4),Hillsong Worship,A Major,146
Call Out My Name,The Weeknd,C# Major,134
Broken,Isak Danielson,F Minor,142
Nachaheko Hoina Timilai,The Edge Band,E♭ Major,145
Without Me (ver 2),Halsey,F# Major,134
Sunflower,Post Malone,D Major,90
Dancing With Your Ghost,Swae Lee,B Major,75
Cry,Sasha Sloan,B♭ Major,120
Revival,Cigarettes After Sex,F Major,130
Middle Of The Night,Zach Bryan,E Minor,175
You Broke Me First,Elley Duhé,E♭ Minor,147
Dear Evan Hansen - You Will Be Found,Tate McRae,A Major,87
Sweater Weather,Misc Musicals,B♭ Major,124
Take Me To Church (ver 2),The Neighbourhood,G Minor,78
Moana - How Far Ill Go,Hozier,C Major,63
Love Will Keep Us Alive,Misc Cartoons,A Major,99
Bless The Broken Road,Eagles,C Major,132
